name of file ,feature 1 , feature 2 , feature 3 , feature 4, result
/root/Desktop/final Project/type of ecrypted/Playfair/Unencrypted/Unencrypted766.txt,519,92,24,189,0
/root/Desktop/final Project/type of ecrypted/Playfair/Unencrypted/Unencrypted931.txt,352,60,10,117,0
/root/Desktop/final Project/type of ecrypted/Playfair/Unencrypted/Unencrypted814.txt,251,38,9,86,0
/root/Desktop/final Project/type of ecrypted/Playfair/Unencrypted/Unencrypted928.txt,305,61,13,94,0
/root/Desktop/final Project/type of ecrypted/Playfair/Unencrypted/Unencrypted941.txt,392,60,16,132,0
/root/Desktop/final Project/type of ecrypted/Playfair/Unencrypted/Unencrypted825.txt,129,23,12,44,0
/root/Desktop/final Project/type of ecrypted/Playfair/Unencrypted/Unencrypted857.txt,125,21,7,41,0
/root/Desktop/final Project/type of ecrypted/Playfair/Unencrypted/Unencrypted887.txt,420,84,18,130,0
/root/Desktop/final Project/type of ecrypted/Playfair/Unencrypted/Unencrypted946.txt,173,33,9,50,0
/root/Desktop/final Project/type of ecrypted/Playfair/Unencrypted/Unencrypted947.txt,155,27,7,49,0
/root/Desktop/final Project/type of ecrypted/Playfair/Unencrypted/Unencrypted783.txt,307,57,20,96,0
/root/Desktop/final Project/type of ecrypted/Playfair/Unencrypted/Unencrypted893.txt,107,22,1,36,0
/root/Desktop/final Project/type of ecrypted/Playfair/Unencrypted/Unencrypted876.txt,246,44,8,76,0
/root/Desktop/final Project/type of ecrypted/Playfair/Unencrypted/Unencrypted800.txt,436,65,25,139,0
/root/Desktop/final Project/type of ecrypted/Playfair/Unencrypted/Unencrypted854.txt,300,53,20,101,0
/root/Desktop/final Project/type of ecrypted/Playfair/Unencrypted/Unencrypted741.txt,365,75,27,125,0
/root/Desktop/final Project/type of ecrypted/Playfair/Unencrypted/Unencrypted858.txt,137,32,7,41,0
/root/Desktop/final Project/type of ecrypted/Playfair/Unencrypted/Unencrypted758.txt,224,34,8,70,0
/root/Desktop/final Project/type of ecrypted/Playfair/Unencrypted/Unencrypted777.txt,229,44,17,80,0
/root/Desktop/final Project/type of ecrypted/Playfair/Unencrypted/Unencrypted807.txt,237,41,14,76,0
/root/Desktop/final Project/type of ecrypted/Playfair/Unencrypted/Unencrypted818.txt,458,71,22,162,0
/root/Desktop/final Project/type of ecrypted/Playfair/Unencrypted/Unencrypted835.txt,91,14,4,30,0
/root/Desktop/final Project/type of ecrypted/Playfair/Unencrypted/Unencrypted803.txt,215,37,8,76,0
/root/Desktop/final Project/type of ecrypted/Playfair/Unencrypted/Unencrypted839.txt,430,77,25,127,0
/root/Desktop/final Project/type of ecrypted/Playfair/Unencrypted/Unencrypted805.txt,520,92,19,173,0
/root/Desktop/final Project/type of ecrypted/Playfair/Unencrypted/Unencrypted859.txt,218,43,11,71,0
/root/Desktop/final Project/type of ecrypted/Playfair/Unencrypted/Unencrypted833.txt,359,67,28,121,0
/root/Desktop/final Project/type of ecrypted/Playfair/Unencrypted/Unencrypted770.txt,106,18,1,36,0
/root/Desktop/final Project/type of ecrypted/Playfair/Unencrypted/Unencrypted732.txt,164,28,9,46,0
/root/Desktop/final Project/type of ecrypted/Playfair/Unencrypted/Unencrypted915.txt,397,68,14,134,0
/root/Desktop/final Project/type of ecrypted/Playfair/Unencrypted/Unencrypted932.txt,362,67,10,109,0
/root/Desktop/final Project/type of ecrypted/Playfair/Unencrypted/Unencrypted886.txt,223,38,9,58,0
/root/Desktop/final Project/type of ecrypted/Playfair/Unencrypted/Unencrypted916.txt,427,73,21,120,0
/root/Desktop/final Project/type of ecrypted/Playfair/Unencrypted/Unencrypted750.txt,596,98,27,232,0
/root/Desktop/final Project/type of ecrypted/Playfair/Unencrypted/Unencrypted822.txt,615,118,24,219,0
/root/Desktop/final Project/type of ecrypted/Playfair/Unencrypted/Unencrypted780.txt,494,99,24,167,0
/root/Desktop/final Project/type of ecrypted/Playfair/Unencrypted/Unencrypted737.txt,533,105,28,184,0
/root/Desktop/final Project/type of ecrypted/Playfair/Unencrypted/Unencrypted815.txt,78,12,10,24,0
/root/Desktop/final Project/type of ecrypted/Playfair/Unencrypted/Unencrypted878.txt,87,16,3,26,0
/root/Desktop/final Project/type of ecrypted/Playfair/Unencrypted/Unencrypted943.txt,410,74,19,143,0
/root/Desktop/final Project/type of ecrypted/Playfair/Unencrypted/Unencrypted824.txt,294,44,8,104,0
/root/Desktop/final Project/type of ecrypted/Playfair/Unencrypted/Unencrypted892.txt,109,25,5,30,0
/root/Desktop/final Project/type of ecrypted/Playfair/Unencrypted/Unencrypted735.txt,606,90,30,209,0
/root/Desktop/final Project/type of ecrypted/Playfair/Unencrypted/Unencrypted746.txt,110,18,6,39,0
/root/Desktop/final Project/type of ecrypted/Playfair/Unencrypted/Unencrypted951.txt,256,54,23,88,0
/root/Desktop/final Project/type of ecrypted/Playfair/Unencrypted/Unencrypted913.txt,391,78,10,131,0
/root/Desktop/final Project/type of ecrypted/Playfair/Unencrypted/Unencrypted880.txt,236,48,7,77,0
/root/Desktop/final Project/type of ecrypted/Playfair/Unencrypted/Unencrypted929.txt,206,40,18,67,0
/root/Desktop/final Project/type of ecrypted/Playfair/Unencrypted/Unencrypted953.txt,420,88,29,138,0
/root/Desktop/final Project/type of ecrypted/Playfair/Unencrypted/Unencrypted853.txt,279,59,11,88,0
/root/Desktop/final Project/type of ecrypted/Playfair/Unencrypted/Unencrypted792.txt,236,47,10,89,0
/root/Desktop/final Project/type of ecrypted/Playfair/Unencrypted/Unencrypted819.txt,492,86,19,164,0
/root/Desktop/final Project/type of ecrypted/Playfair/Unencrypted/Unencrypted842.txt,181,26,8,61,0
/root/Desktop/final Project/type of ecrypted/Playfair/Unencrypted/Unencrypted742.txt,425,67,27,147,0
/root/Desktop/final Project/type of ecrypted/Playfair/Unencrypted/Unencrypted934.txt,386,72,24,118,0
/root/Desktop/final Project/type of ecrypted/Playfair/Unencrypted/Unencrypted740.txt,259,49,14,95,0
/root/Desktop/final Project/type of ecrypted/Playfair/Unencrypted/Unencrypted884.txt,200,37,8,64,0
/root/Desktop/final Project/type of ecrypted/Playfair/Unencrypted/Unencrypted877.txt,168,37,14,49,0
/root/Desktop/final Project/type of ecrypted/Playfair/Unencrypted/Unencrypted841.txt,291,53,19,90,0
/root/Desktop/final Project/type of ecrypted/Playfair/Unencrypted/Unencrypted743.txt,413,73,25,143,0
/root/Desktop/final Project/type of ecrypted/Playfair/Unencrypted/Unencrypted879.txt,72,13,3,23,0
/root/Desktop/final Project/type of ecrypted/Playfair/Unencrypted/Unencrypted957.txt,337,60,18,116,0
/root/Desktop/final Project/type of ecrypted/Playfair/Unencrypted/Unencrypted806.txt,610,117,23,204,0
/root/Desktop/final Project/type of ecrypted/Playfair/Unencrypted/Unencrypted914.txt,309,56,24,93,0
/root/Desktop/final Project/type of ecrypted/Playfair/Unencrypted/Unencrypted906.txt,329,50,18,111,0
/root/Desktop/final Project/type of ecrypted/Playfair/Unencrypted/Unencrypted860.txt,208,39,7,64,0
/root/Desktop/final Project/type of ecrypted/Playfair/Unencrypted/Unencrypted911.txt,399,73,16,146,0
/root/Desktop/final Project/type of ecrypted/Playfair/Unencrypted/Unencrypted873.txt,131,21,9,29,0
/root/Desktop/final Project/type of ecrypted/Playfair/Unencrypted/Unencrypted752.txt,447,92,24,155,0
/root/Desktop/final Project/type of ecrypted/Playfair/Unencrypted/Unencrypted761.txt,194,30,8,59,0
/root/Desktop/final Project/type of ecrypted/Playfair/Unencrypted/Unencrypted954.txt,462,86,29,159,0
/root/Desktop/final Project/type of ecrypted/Playfair/Unencrypted/Unencrypted828.txt,174,36,7,59,0
/root/Desktop/final Project/type of ecrypted/Playfair/Unencrypted/Unencrypted918.txt,379,62,29,114,0
/root/Desktop/final Project/type of ecrypted/Playfair/Unencrypted/Unencrypted898.txt,373,68,17,128,0
/root/Desktop/final Project/type of ecrypted/Playfair/Unencrypted/Unencrypted804.txt,259,56,12,90,0
/root/Desktop/final Project/type of ecrypted/Playfair/Unencrypted/Unencrypted910.txt,92,16,7,32,0
/root/Desktop/final Project/type of ecrypted/Playfair/Unencrypted/Unencrypted862.txt,334,61,13,129,0
/root/Desktop/final Project/type of ecrypted/Playfair/Unencrypted/Unencrypted900.txt,325,72,15,100,0
/root/Desktop/final Project/type of ecrypted/Playfair/Unencrypted/Unencrypted834.txt,361,70,22,118,0
/root/Desktop/final Project/type of ecrypted/Playfair/Unencrypted/Unencrypted937.txt,404,72,17,136,0
/root/Desktop/final Project/type of ecrypted/Playfair/Unencrypted/Unencrypted940.txt,315,63,16,108,0
/root/Desktop/final Project/type of ecrypted/Playfair/Unencrypted/Unencrypted775.txt,295,55,22,102,0
/root/Desktop/final Project/type of ecrypted/Playfair/Unencrypted/Unencrypted901.txt,297,69,22,83,0
/root/Desktop/final Project/type of ecrypted/Playfair/Unencrypted/Unencrypted852.txt,436,92,18,137,0
/root/Desktop/final Project/type of ecrypted/Playfair/Unencrypted/Unencrypted791.txt,71,12,5,24,0
/root/Desktop/final Project/type of ecrypted/Playfair/Unencrypted/Unencrypted784.txt,500,105,34,164,0
/root/Desktop/final Project/type of ecrypted/Playfair/Unencrypted/Unencrypted950.txt,90,13,6,31,0
/root/Desktop/final Project/type of ecrypted/Playfair/Unencrypted/Unencrypted888.txt,232,59,14,78,0
/root/Desktop/final Project/type of ecrypted/Playfair/Unencrypted/Unencrypted773.txt,410,82,22,137,0
/root/Desktop/final Project/type of ecrypted/Playfair/Unencrypted/Unencrypted751.txt,556,96,46,190,0
/root/Desktop/final Project/type of ecrypted/Playfair/Unencrypted/Unencrypted838.txt,321,72,9,116,0
/root/Desktop/final Project/type of ecrypted/Playfair/Unencrypted/Unencrypted760.txt,399,70,19,133,0
/root/Desktop/final Project/type of ecrypted/Playfair/Unencrypted/Unencrypted788.txt,167,32,5,60,0
/root/Desktop/final Project/type of ecrypted/Playfair/Unencrypted/Unencrypted843.txt,63,14,6,14,0
/root/Desktop/final Project/type of ecrypted/Playfair/Unencrypted/Unencrypted757.txt,97,14,2,29,0
/root/Desktop/final Project/type of ecrypted/Playfair/Unencrypted/Unencrypted749.txt,418,82,28,143,0
/root/Desktop/final Project/type of ecrypted/Playfair/Unencrypted/Unencrypted772.txt,319,61,13,95,0
/root/Desktop/final Project/type of ecrypted/Playfair/Unencrypted/Unencrypted956.txt,358,70,18,137,0
/root/Desktop/final Project/type of ecrypted/Playfair/Unencrypted/Unencrypted755.txt,233,50,14,80,0
/root/Desktop/final Project/type of ecrypted/Playfair/Unencrypted/Unencrypted781.txt,611,112,30,195,0
/root/Desktop/final Project/type of ecrypted/Playfair/Unencrypted/Unencrypted827.txt,175,33,11,63,0
/root/Desktop/final Project/type of ecrypted/Playfair/Unencrypted/Unencrypted944.txt,127,24,4,42,0
/root/Desktop/final Project/type of ecrypted/Playfair/Unencrypted/Unencrypted730.txt,199,47,8,60,0
/root/Desktop/final Project/type of ecrypted/Playfair/Unencrypted/Unencrypted924.txt,152,27,7,48,0
/root/Desktop/final Project/type of ecrypted/Playfair/Unencrypted/Unencrypted787.txt,514,100,26,170,0
/root/Desktop/final Project/type of ecrypted/Playfair/Unencrypted/Unencrypted747.txt,352,71,21,123,0
/root/Desktop/final Project/type of ecrypted/Playfair/Unencrypted/Unencrypted897.txt,458,74,22,151,0
/root/Desktop/final Project/type of ecrypted/Playfair/Unencrypted/Unencrypted731.txt,477,90,34,159,0
/root/Desktop/final Project/type of ecrypted/Playfair/Unencrypted/Unencrypted864.txt,445,81,25,152,0
/root/Desktop/final Project/type of ecrypted/Playfair/Unencrypted/Unencrypted753.txt,469,87,31,147,0
/root/Desktop/final Project/type of ecrypted/Playfair/Unencrypted/Unencrypted938.txt,75,13,3,20,0
/root/Desktop/final Project/type of ecrypted/Playfair/Unencrypted/Unencrypted785.txt,94,21,5,25,0
/root/Desktop/final Project/type of ecrypted/Playfair/Unencrypted/Unencrypted902.txt,424,81,23,137,0
/root/Desktop/final Project/type of ecrypted/Playfair/Unencrypted/Unencrypted874.txt,330,64,16,97,0
/root/Desktop/final Project/type of ecrypted/Playfair/Unencrypted/Unencrypted872.txt,389,74,20,132,0
/root/Desktop/final Project/type of ecrypted/Playfair/Unencrypted/Unencrypted793.txt,413,96,24,143,0
/root/Desktop/final Project/type of ecrypted/Playfair/Unencrypted/Unencrypted759.txt,215,30,9,68,0
/root/Desktop/final Project/type of ecrypted/Playfair/Unencrypted/Unencrypted727.txt,577,114,32,194,0
/root/Desktop/final Project/type of ecrypted/Playfair/Unencrypted/Unencrypted855.txt,95,16,3,31,0
/root/Desktop/final Project/type of ecrypted/Playfair/Unencrypted/Unencrypted739.txt,372,71,32,120,0
/root/Desktop/final Project/type of ecrypted/Playfair/Unencrypted/Unencrypted921.txt,309,51,12,103,0
/root/Desktop/final Project/type of ecrypted/Playfair/Unencrypted/Unencrypted776.txt,594,105,29,192,0
/root/Desktop/final Project/type of ecrypted/Playfair/Unencrypted/Unencrypted845.txt,280,55,15,94,0
/root/Desktop/final Project/type of ecrypted/Playfair/Unencrypted/Unencrypted871.txt,265,48,22,83,0
/root/Desktop/final Project/type of ecrypted/Playfair/Unencrypted/Unencrypted796.txt,583,102,32,187,0
/root/Desktop/final Project/type of ecrypted/Playfair/Unencrypted/Unencrypted769.txt,642,103,28,253,0
/root/Desktop/final Project/type of ecrypted/Playfair/Unencrypted/Unencrypted882.txt,170,33,7,57,0
/root/Desktop/final Project/type of ecrypted/Playfair/Unencrypted/Unencrypted820.txt,103,18,5,38,0
/root/Desktop/final Project/type of ecrypted/Playfair/Unencrypted/Unencrypted869.txt,251,48,18,85,0
/root/Desktop/final Project/type of ecrypted/Playfair/Unencrypted/Unencrypted799.txt,151,26,12,44,0
/root/Desktop/final Project/type of ecrypted/Playfair/Unencrypted/Unencrypted808.txt,114,21,4,41,0
/root/Desktop/final Project/type of ecrypted/Playfair/Unencrypted/Unencrypted802.txt,485,95,29,167,0
/root/Desktop/final Project/type of ecrypted/Playfair/Unencrypted/Unencrypted774.txt,523,86,33,173,0
/root/Desktop/final Project/type of ecrypted/Playfair/Unencrypted/Unencrypted794.txt,99,18,7,33,0
/root/Desktop/final Project/type of ecrypted/Playfair/Unencrypted/Unencrypted881.txt,480,87,19,152,0
/root/Desktop/final Project/type of ecrypted/Playfair/Unencrypted/Unencrypted870.txt,145,29,2,51,0
/root/Desktop/final Project/type of ecrypted/Playfair/Unencrypted/Unencrypted778.txt,608,131,44,221,0
/root/Desktop/final Project/type of ecrypted/Playfair/Unencrypted/Unencrypted925.txt,290,52,9,100,0
/root/Desktop/final Project/type of ecrypted/Playfair/Unencrypted/Unencrypted850.txt,211,43,9,56,0
/root/Desktop/final Project/type of ecrypted/Playfair/Unencrypted/Unencrypted868.txt,415,80,28,129,0
/root/Desktop/final Project/type of ecrypted/Playfair/Unencrypted/Unencrypted813.txt,317,50,14,97,0
/root/Desktop/final Project/type of ecrypted/Playfair/Unencrypted/Unencrypted809.txt,565,131,28,177,0
/root/Desktop/final Project/type of ecrypted/Playfair/Unencrypted/Unencrypted919.txt,300,49,13,99,0
/root/Desktop/final Project/type of ecrypted/Playfair/Unencrypted/Unencrypted797.txt,106,16,6,34,0
/root/Desktop/final Project/type of ecrypted/Playfair/Unencrypted/Unencrypted811.txt,147,25,11,39,0
/root/Desktop/final Project/type of ecrypted/Playfair/Unencrypted/Unencrypted912.txt,176,33,12,65,0
/root/Desktop/final Project/type of ecrypted/Playfair/Unencrypted/Unencrypted948.txt,431,91,21,126,0
/root/Desktop/final Project/type of ecrypted/Playfair/Unencrypted/Unencrypted847.txt,110,29,9,38,0
/root/Desktop/final Project/type of ecrypted/Playfair/Unencrypted/Unencrypted909.txt,105,17,6,32,0
/root/Desktop/final Project/type of ecrypted/Playfair/Unencrypted/Unencrypted762.txt,467,86,29,148,0
/root/Desktop/final Project/type of ecrypted/Playfair/Unencrypted/Unencrypted955.txt,183,38,16,57,0
/root/Desktop/final Project/type of ecrypted/Playfair/Unencrypted/Unencrypted816.txt,442,69,25,152,0
/root/Desktop/final Project/type of ecrypted/Playfair/Unencrypted/Unencrypted790.txt,356,80,20,123,0
/root/Desktop/final Project/type of ecrypted/Playfair/Unencrypted/Unencrypted865.txt,84,17,3,29,0
/root/Desktop/final Project/type of ecrypted/Playfair/Unencrypted/Unencrypted771.txt,630,115,30,237,0
/root/Desktop/final Project/type of ecrypted/Playfair/Unencrypted/Unencrypted844.txt,227,45,10,90,0
/root/Desktop/final Project/type of ecrypted/Playfair/Unencrypted/Unencrypted856.txt,445,87,19,141,0
/root/Desktop/final Project/type of ecrypted/Playfair/Unencrypted/Unencrypted927.txt,218,38,15,70,0
/root/Desktop/final Project/type of ecrypted/Playfair/Unencrypted/Unencrypted832.txt,156,34,6,62,0
/root/Desktop/final Project/type of ecrypted/Playfair/Unencrypted/Unencrypted830.txt,286,63,15,95,0
/root/Desktop/final Project/type of ecrypted/Playfair/Unencrypted/Unencrypted903.txt,340,69,20,113,0
/root/Desktop/final Project/type of ecrypted/Playfair/Unencrypted/Unencrypted821.txt,329,57,22,109,0
/root/Desktop/final Project/type of ecrypted/Playfair/Unencrypted/Unencrypted883.txt,331,56,15,116,0
/root/Desktop/final Project/type of ecrypted/Playfair/Unencrypted/Unencrypted837.txt,103,21,10,38,0
/root/Desktop/final Project/type of ecrypted/Playfair/Unencrypted/Unencrypted920.txt,395,63,11,153,0
/root/Desktop/final Project/type of ecrypted/Playfair/Unencrypted/Unencrypted786.txt,608,125,37,217,0
/root/Desktop/final Project/type of ecrypted/Playfair/Unencrypted/Unencrypted922.txt,298,58,15,84,0
/root/Desktop/final Project/type of ecrypted/Playfair/Unencrypted/Unencrypted936.txt,236,48,9,70,0
/root/Desktop/final Project/type of ecrypted/Playfair/Unencrypted/Unencrypted926.txt,443,83,20,130,0
/root/Desktop/final Project/type of ecrypted/Playfair/Unencrypted/Unencrypted848.txt,204,36,10,72,0
/root/Desktop/final Project/type of ecrypted/Playfair/Unencrypted/Unencrypted866.txt,470,80,29,158,0
/root/Desktop/final Project/type of ecrypted/Playfair/Unencrypted/Unencrypted899.txt,443,84,20,130,0
/root/Desktop/final Project/type of ecrypted/Playfair/Unencrypted/Unencrypted779.txt,158,35,9,48,0
/root/Desktop/final Project/type of ecrypted/Playfair/Unencrypted/Unencrypted764.txt,524,90,24,173,0
/root/Desktop/final Project/type of ecrypted/Playfair/Unencrypted/Unencrypted823.txt,208,38,12,75,0
/root/Desktop/final Project/type of ecrypted/Playfair/Unencrypted/Unencrypted895.txt,441,77,27,156,0
/root/Desktop/final Project/type of ecrypted/Playfair/Unencrypted/Unencrypted907.txt,380,67,18,124,0
/root/Desktop/final Project/type of ecrypted/Playfair/Unencrypted/Unencrypted890.txt,177,41,12,59,0
/root/Desktop/final Project/type of ecrypted/Playfair/Unencrypted/Unencrypted782.txt,550,108,30,193,0
/root/Desktop/final Project/type of ecrypted/Playfair/Unencrypted/Unencrypted935.txt,82,18,4,25,0
/root/Desktop/final Project/type of ecrypted/Playfair/Unencrypted/Unencrypted861.txt,88,21,4,26,0
/root/Desktop/final Project/type of ecrypted/Playfair/Unencrypted/Unencrypted767.txt,387,67,20,135,0
/root/Desktop/final Project/type of ecrypted/Playfair/Unencrypted/Unencrypted908.txt,262,54,13,82,0
/root/Desktop/final Project/type of ecrypted/Playfair/Unencrypted/Unencrypted849.txt,220,66,10,70,0
/root/Desktop/final Project/type of ecrypted/Playfair/Unencrypted/Unencrypted851.txt,254,59,12,83,0
/root/Desktop/final Project/type of ecrypted/Playfair/Unencrypted/Unencrypted763.txt,230,42,12,79,0
/root/Desktop/final Project/type of ecrypted/Playfair/Unencrypted/Unencrypted952.txt,380,69,22,133,0
/root/Desktop/final Project/type of ecrypted/Playfair/Unencrypted/Unencrypted875.txt,318,63,24,92,0
/root/Desktop/final Project/type of ecrypted/Playfair/Unencrypted/Unencrypted798.txt,100,14,6,35,0
/root/Desktop/final Project/type of ecrypted/Playfair/Unencrypted/Unencrypted789.txt,283,61,13,99,0
/root/Desktop/final Project/type of ecrypted/Playfair/Unencrypted/Unencrypted733.txt,103,20,0,39,0
/root/Desktop/final Project/type of ecrypted/Playfair/Unencrypted/Unencrypted744.txt,261,48,14,87,0
/root/Desktop/final Project/type of ecrypted/Playfair/Unencrypted/Unencrypted945.txt,270,49,10,82,0
/root/Desktop/final Project/type of ecrypted/Playfair/Unencrypted/Unencrypted831.txt,491,84,16,181,0
/root/Desktop/final Project/type of ecrypted/Playfair/Unencrypted/Unencrypted812.txt,564,97,36,185,0
/root/Desktop/final Project/type of ecrypted/Playfair/Unencrypted/Unencrypted829.txt,261,49,13,86,0
/root/Desktop/final Project/type of ecrypted/Playfair/Unencrypted/Unencrypted846.txt,340,70,17,117,0
/root/Desktop/final Project/type of ecrypted/Playfair/Unencrypted/Unencrypted917.txt,94,33,3,26,0
/root/Desktop/final Project/type of ecrypted/Playfair/Unencrypted/Unencrypted729.txt,170,45,12,57,0
/root/Desktop/final Project/type of ecrypted/Playfair/Unencrypted/Unencrypted923.txt,276,56,16,86,0
/root/Desktop/final Project/type of ecrypted/Playfair/Unencrypted/Unencrypted905.txt,186,32,10,54,0
/root/Desktop/final Project/type of ecrypted/Playfair/Unencrypted/Unencrypted748.txt,60,11,5,17,0
/root/Desktop/final Project/type of ecrypted/Playfair/Unencrypted/Unencrypted942.txt,228,42,9,68,0
/root/Desktop/final Project/type of ecrypted/Playfair/Unencrypted/Unencrypted801.txt,151,24,17,47,0
/root/Desktop/final Project/type of ecrypted/Playfair/Unencrypted/Unencrypted939.txt,66,17,2,21,0
/root/Desktop/final Project/type of ecrypted/Playfair/Unencrypted/Unencrypted896.txt,272,54,17,76,0
/root/Desktop/final Project/type of ecrypted/Playfair/Unencrypted/Unencrypted885.txt,64,12,5,20,0
/root/Desktop/final Project/type of ecrypted/Playfair/Unencrypted/Unencrypted754.txt,142,28,9,46,0
/root/Desktop/final Project/type of ecrypted/Playfair/Unencrypted/Unencrypted745.txt,380,91,15,124,0
/root/Desktop/final Project/type of ecrypted/Playfair/Unencrypted/Unencrypted889.txt,244,50,14,84,0
/root/Desktop/final Project/type of ecrypted/Playfair/Unencrypted/Unencrypted734.txt,137,27,4,65,0
/root/Desktop/final Project/type of ecrypted/Playfair/Unencrypted/Unencrypted768.txt,245,42,13,92,0
/root/Desktop/final Project/type of ecrypted/Playfair/Unencrypted/Unencrypted810.txt,605,109,19,211,0
/root/Desktop/final Project/type of ecrypted/Playfair/Unencrypted/Unencrypted933.txt,171,30,10,55,0
/root/Desktop/final Project/type of ecrypted/Playfair/Unencrypted/Unencrypted891.txt,102,17,5,28,0
/root/Desktop/final Project/type of ecrypted/Playfair/Unencrypted/Unencrypted840.txt,457,84,22,153,0
/root/Desktop/final Project/type of ecrypted/Playfair/Unencrypted/Unencrypted765.txt,378,68,23,126,0
/root/Desktop/final Project/type of ecrypted/Playfair/Unencrypted/Unencrypted930.txt,418,68,21,131,0
/root/Desktop/final Project/type of ecrypted/Playfair/Unencrypted/Unencrypted826.txt,400,90,21,148,0
/root/Desktop/final Project/type of ecrypted/Playfair/Unencrypted/Unencrypted795.txt,489,96,30,171,0
/root/Desktop/final Project/type of ecrypted/Playfair/Unencrypted/Unencrypted817.txt,590,92,30,204,0
/root/Desktop/final Project/type of ecrypted/Playfair/Unencrypted/Unencrypted756.txt,386,71,20,145,0
/root/Desktop/final Project/type of ecrypted/Playfair/Unencrypted/Unencrypted863.txt,288,52,18,92,0
/root/Desktop/final Project/type of ecrypted/Playfair/Unencrypted/Unencrypted949.txt,446,89,32,141,0
/root/Desktop/final Project/type of ecrypted/Playfair/Unencrypted/Unencrypted836.txt,437,65,40,203,0
/root/Desktop/final Project/type of ecrypted/Playfair/Unencrypted/Unencrypted867.txt,378,75,25,112,0
/root/Desktop/final Project/type of ecrypted/Playfair/Unencrypted/Unencrypted904.txt,310,65,11,100,0
/root/Desktop/final Project/type of ecrypted/Playfair/Unencrypted/Unencrypted736.txt,608,97,25,182,0
/root/Desktop/final Project/type of ecrypted/Playfair/Unencrypted/Unencrypted894.txt,239,46,13,79,0
/root/Desktop/final Project/type of ecrypted/Playfair/Unencrypted/Unencrypted738.txt,305,63,11,94,0
/root/Desktop/final Project/type of ecrypted/Playfair/Unencrypted/Unencrypted728.txt,136,40,8,52,0
/root/Desktop/final Project/type of ecrypted/Playfair/Encrypted/Playfair-1129-79%.txt,45,21,18,7,1
/root/Desktop/final Project/type of ecrypted/Playfair/Encrypted/Playfair-949-32%.txt,63,14,6,18,1
/root/Desktop/final Project/type of ecrypted/Playfair/Encrypted/Playfair-912-55%.txt,60,23,20,13,1
/root/Desktop/final Project/type of ecrypted/Playfair/Encrypted/Playfair-1043-69%.txt,220,79,58,57,1
/root/Desktop/final Project/type of ecrypted/Playfair/Encrypted/Playfair-1128-72%.txt,57,23,18,11,1
/root/Desktop/final Project/type of ecrypted/Playfair/Encrypted/Playfair-1080-63%.txt,195,68,47,55,1
/root/Desktop/final Project/type of ecrypted/Playfair/Encrypted/Playfair-973-36%.txt,92,17,10,31,1
/root/Desktop/final Project/type of ecrypted/Playfair/Encrypted/Playfair-920-76%.txt,193,83,65,46,1
/root/Desktop/final Project/type of ecrypted/Playfair/Encrypted/Playfair-962-57%.txt,53,21,12,15,1
/root/Desktop/final Project/type of ecrypted/Playfair/Encrypted/Playfair-1074-50%.txt,247,67,36,69,1
/root/Desktop/final Project/type of ecrypted/Playfair/Encrypted/Playfair-1057-44%.txt,218,55,27,58,1
/root/Desktop/final Project/type of ecrypted/Playfair/Encrypted/Playfair-943-76%.txt,121,59,49,22,1
/root/Desktop/final Project/type of ecrypted/Playfair/Encrypted/Playfair-1094-91%.txt,37,24,23,4,1
/root/Desktop/final Project/type of ecrypted/Playfair/Encrypted/Playfair-905-65%.txt,250,86,60,60,1
/root/Desktop/final Project/type of ecrypted/Playfair/Encrypted/Playfair-906-51%.txt,63,15,8,20,1
/root/Desktop/final Project/type of ecrypted/Playfair/Encrypted/Playfair-999-52%.txt,124,36,19,36,1
/root/Desktop/final Project/type of ecrypted/Playfair/Encrypted/Playfair-903-82%.txt,27,13,13,5,1
/root/Desktop/final Project/type of ecrypted/Playfair/Encrypted/Playfair-1102-42%.txt,184,50,27,59,1
/root/Desktop/final Project/type of ecrypted/Playfair/Encrypted/Playfair-1112-100%.txt,22,22,22,0,1
/root/Desktop/final Project/type of ecrypted/Playfair/Encrypted/Playfair-1026-78%.txt,95,47,37,18,1
/root/Desktop/final Project/type of ecrypted/Playfair/Encrypted/Playfair-1054-80%.txt,59,32,31,6,1
/root/Desktop/final Project/type of ecrypted/Playfair/Encrypted/Playfair-935-100%.txt,82,82,82,0,1
/root/Desktop/final Project/type of ecrypted/Playfair/Encrypted/Playfair-1051-60%.txt,104,34,23,26,1
/root/Desktop/final Project/type of ecrypted/Playfair/Encrypted/Playfair-958-86%.txt,14,9,10,1,1
/root/Desktop/final Project/type of ecrypted/Playfair/Encrypted/Playfair-902-37%.txt,285,81,32,93,1
/root/Desktop/final Project/type of ecrypted/Playfair/Encrypted/Playfair-964-59%.txt,107,47,22,27,1
/root/Desktop/final Project/type of ecrypted/Playfair/Encrypted/Playfair-915-61%.txt,120,42,28,36,1
/root/Desktop/final Project/type of ecrypted/Playfair/Encrypted/Playfair-936-51%.txt,115,33,20,33,1
/root/Desktop/final Project/type of ecrypted/Playfair/Encrypted/Playfair-1118-89%.txt,66,39,36,10,1
/root/Desktop/final Project/type of ecrypted/Playfair/Encrypted/Playfair-1015-79%.txt,134,60,48,30,1
/root/Desktop/final Project/type of ecrypted/Playfair/Encrypted/Playfair-1006-70%.txt,158,66,43,33,1
/root/Desktop/final Project/type of ecrypted/Playfair/Encrypted/Playfair-972-72%.txt,172,66,47,43,1
/root/Desktop/final Project/type of ecrypted/Playfair/Encrypted/Playfair-982-78%.txt,25,11,9,6,1
/root/Desktop/final Project/type of ecrypted/Playfair/Encrypted/Playfair-1089-61%.txt,138,45,31,39,1
/root/Desktop/final Project/type of ecrypted/Playfair/Encrypted/Playfair-996-92%.txt,19,11,10,4,1
/root/Desktop/final Project/type of ecrypted/Playfair/Encrypted/Playfair-1021-80%.txt,49,21,17,12,1
/root/Desktop/final Project/type of ecrypted/Playfair/Encrypted/Playfair-1119-65%.txt,46,17,13,15,1
/root/Desktop/final Project/type of ecrypted/Playfair/Encrypted/Playfair-1077-97%.txt,12,12,12,0,1
/root/Desktop/final Project/type of ecrypted/Playfair/Encrypted/Playfair-1004-89%.txt,15,9,9,2,1
/root/Desktop/final Project/type of ecrypted/Playfair/Encrypted/Playfair-1039-84%.txt,115,62,49,19,1
/root/Desktop/final Project/type of ecrypted/Playfair/Encrypted/Playfair-1053-67%.txt,88,29,23,25,1
/root/Desktop/final Project/type of ecrypted/Playfair/Encrypted/Playfair-1085-75%.txt,152,61,45,39,1
/root/Desktop/final Project/type of ecrypted/Playfair/Encrypted/Playfair-1099-33%.txt,226,53,21,69,1
/root/Desktop/final Project/type of ecrypted/Playfair/Encrypted/Playfair-944-61%.txt,137,51,27,37,1
/root/Desktop/final Project/type of ecrypted/Playfair/Encrypted/Playfair-1048-64%.txt,66,24,17,18,1
/root/Desktop/final Project/type of ecrypted/Playfair/Encrypted/Playfair-1086-60%.txt,72,26,15,16,1
/root/Desktop/final Project/type of ecrypted/Playfair/Encrypted/Playfair-1050-48%.txt,254,67,37,69,1
/root/Desktop/final Project/type of ecrypted/Playfair/Encrypted/Playfair-977-39%.txt,141,33,15,43,1
/root/Desktop/final Project/type of ecrypted/Playfair/Encrypted/Playfair-919-36%.txt,83,20,9,29,1
/root/Desktop/final Project/type of ecrypted/Playfair/Encrypted/Playfair-993-36%.txt,217,60,33,58,1
/root/Desktop/final Project/type of ecrypted/Playfair/Encrypted/Playfair-1091-37%.txt,67,19,6,21,1
/root/Desktop/final Project/type of ecrypted/Playfair/Encrypted/Playfair-981-56%.txt,222,66,46,64,1
/root/Desktop/final Project/type of ecrypted/Playfair/Encrypted/Playfair-975-95%.txt,35,30,27,2,1
/root/Desktop/final Project/type of ecrypted/Playfair/Encrypted/Playfair-955-97%.txt,71,60,59,5,1
/root/Desktop/final Project/type of ecrypted/Playfair/Encrypted/Playfair-945-66%.txt,204,65,45,62,1
/root/Desktop/final Project/type of ecrypted/Playfair/Encrypted/Playfair-908-63%.txt,65,22,18,15,1
/root/Desktop/final Project/type of ecrypted/Playfair/Encrypted/Playfair-1017-82%.txt,131,61,53,24,1
/root/Desktop/final Project/type of ecrypted/Playfair/Encrypted/Playfair-1064-45%.txt,40,15,5,11,1
/root/Desktop/final Project/type of ecrypted/Playfair/Encrypted/Playfair-952-43%.txt,202,59,23,66,1
/root/Desktop/final Project/type of ecrypted/Playfair/Encrypted/Playfair-997-82%.txt,23,9,7,4,1
/root/Desktop/final Project/type of ecrypted/Playfair/Encrypted/Playfair-901-100%.txt,30,30,30,0,1
/root/Desktop/final Project/type of ecrypted/Playfair/Encrypted/Playfair-1059-87%.txt,91,52,48,14,1
/root/Desktop/final Project/type of ecrypted/Playfair/Encrypted/Playfair-1046-66%.txt,128,45,30,28,1
/root/Desktop/final Project/type of ecrypted/Playfair/Encrypted/Playfair-930-83%.txt,126,60,55,27,1
/root/Desktop/final Project/type of ecrypted/Playfair/Encrypted/Playfair-913-40%.txt,322,80,44,94,1
/root/Desktop/final Project/type of ecrypted/Playfair/Encrypted/Playfair-1130-50%.txt,128,50,23,36,1
/root/Desktop/final Project/type of ecrypted/Playfair/Encrypted/Playfair-907-87%.txt,23,13,12,3,1
/root/Desktop/final Project/type of ecrypted/Playfair/Encrypted/Playfair-1052-35%.txt,210,55,22,61,1
/root/Desktop/final Project/type of ecrypted/Playfair/Encrypted/Playfair-1025-48%.txt,190,58,32,62,1
/root/Desktop/final Project/type of ecrypted/Playfair/Encrypted/Playfair-1110-65%.txt,143,46,31,35,1
/root/Desktop/final Project/type of ecrypted/Playfair/Encrypted/Playfair-1090-89%.txt,75,47,42,13,1
/root/Desktop/final Project/type of ecrypted/Playfair/Encrypted/Playfair-969-99%.txt,38,38,38,0,1
/root/Desktop/final Project/type of ecrypted/Playfair/Encrypted/Playfair-974-61%.txt,63,22,13,14,1
/root/Desktop/final Project/type of ecrypted/Playfair/Encrypted/Playfair-1122-71%.txt,94,33,24,27,1
/root/Desktop/final Project/type of ecrypted/Playfair/Encrypted/Playfair-953-80%.txt,126,59,54,26,1
/root/Desktop/final Project/type of ecrypted/Playfair/Encrypted/Playfair-1012-100%.txt,15,15,15,0,1
/root/Desktop/final Project/type of ecrypted/Playfair/Encrypted/Playfair-1097-89%.txt,93,56,47,20,1
/root/Desktop/final Project/type of ecrypted/Playfair/Encrypted/Playfair-963-79%.txt,63,28,25,18,1
/root/Desktop/final Project/type of ecrypted/Playfair/Encrypted/Playfair-1095-69%.txt,39,14,9,7,1
/root/Desktop/final Project/type of ecrypted/Playfair/Encrypted/Playfair-923-50%.txt,73,23,18,13,1
/root/Desktop/final Project/type of ecrypted/Playfair/Encrypted/Playfair-938-45%.txt,79,21,14,26,1
/root/Desktop/final Project/type of ecrypted/Playfair/Encrypted/Playfair-1069-38%.txt,278,64,30,90,1
/root/Desktop/final Project/type of ecrypted/Playfair/Encrypted/Playfair-1022-88%.txt,77,51,40,13,1
/root/Desktop/final Project/type of ecrypted/Playfair/Encrypted/Playfair-1034-89%.txt,92,55,46,14,1
/root/Desktop/final Project/type of ecrypted/Playfair/Encrypted/Playfair-917-74%.txt,215,86,64,54,1
/root/Desktop/final Project/type of ecrypted/Playfair/Encrypted/Playfair-1005-40%.txt,148,35,19,35,1
/root/Desktop/final Project/type of ecrypted/Playfair/Encrypted/Playfair-1067-34%.txt,274,55,26,89,1
/root/Desktop/final Project/type of ecrypted/Playfair/Encrypted/Playfair-1103-68%.txt,110,40,35,24,1
/root/Desktop/final Project/type of ecrypted/Playfair/Encrypted/Playfair-1120-64%.txt,208,68,46,58,1
/root/Desktop/final Project/type of ecrypted/Playfair/Encrypted/Playfair-1029-100%.txt,48,48,48,0,1
/root/Desktop/final Project/type of ecrypted/Playfair/Encrypted/Playfair-1121-65%.txt,47,18,13,11,1
/root/Desktop/final Project/type of ecrypted/Playfair/Encrypted/Playfair-951-42%.txt,74,16,13,27,1
/root/Desktop/final Project/type of ecrypted/Playfair/Encrypted/Playfair-966-58%.txt,109,36,22,28,1
/root/Desktop/final Project/type of ecrypted/Playfair/Encrypted/Playfair-1032-45%.txt,152,41,20,35,1
/root/Desktop/final Project/type of ecrypted/Playfair/Encrypted/Playfair-1058-85%.txt,44,22,19,11,1
/root/Desktop/final Project/type of ecrypted/Playfair/Encrypted/Playfair-979-70%.txt,129,47,33,35,1
/root/Desktop/final Project/type of ecrypted/Playfair/Encrypted/Playfair-1105-90%.txt,28,16,14,4,1
/root/Desktop/final Project/type of ecrypted/Playfair/Encrypted/Playfair-929-91%.txt,115,75,75,18,1
/root/Desktop/final Project/type of ecrypted/Playfair/Encrypted/Playfair-983-77%.txt,153,64,58,32,1
/root/Desktop/final Project/type of ecrypted/Playfair/Encrypted/Playfair-1092-98%.txt,14,14,14,0,1
/root/Desktop/final Project/type of ecrypted/Playfair/Encrypted/Playfair-1045-88%.txt,73,39,37,11,1
/root/Desktop/final Project/type of ecrypted/Playfair/Encrypted/Playfair-939-43%.txt,252,71,34,86,1
/root/Desktop/final Project/type of ecrypted/Playfair/Encrypted/Playfair-1125-91%.txt,57,46,42,3,1
/root/Desktop/final Project/type of ecrypted/Playfair/Encrypted/Playfair-989-42%.txt,172,45,28,49,1
/root/Desktop/final Project/type of ecrypted/Playfair/Encrypted/Playfair-1008-50%.txt,131,42,25,35,1
/root/Desktop/final Project/type of ecrypted/Playfair/Encrypted/Playfair-928-69%.txt,174,59,50,50,1
/root/Desktop/final Project/type of ecrypted/Playfair/Encrypted/Playfair-1124-49%.txt,62,16,9,23,1
/root/Desktop/final Project/type of ecrypted/Playfair/Encrypted/Playfair-925-88%.txt,77,42,35,14,1
/root/Desktop/final Project/type of ecrypted/Playfair/Encrypted/Playfair-1117-55%.txt,33,11,9,8,1
/root/Desktop/final Project/type of ecrypted/Playfair/Encrypted/Playfair-959-97%.txt,33,28,27,3,1
/root/Desktop/final Project/type of ecrypted/Playfair/Encrypted/Playfair-1081-74%.txt,167,66,53,37,1
/root/Desktop/final Project/type of ecrypted/Playfair/Encrypted/Playfair-1044-31%.txt,291,61,21,105,1
/root/Desktop/final Project/type of ecrypted/Playfair/Encrypted/Playfair-1061-46%.txt,165,41,15,47,1
/root/Desktop/final Project/type of ecrypted/Playfair/Encrypted/Playfair-985-46%.txt,247,72,39,69,1
/root/Desktop/final Project/type of ecrypted/Playfair/Encrypted/Playfair-984-35%.txt,261,68,39,68,1
/root/Desktop/final Project/type of ecrypted/Playfair/Encrypted/Playfair-926-80%.txt,75,32,27,22,1
/root/Desktop/final Project/type of ecrypted/Playfair/Encrypted/Playfair-995-96%.txt,26,23,24,1,1
/root/Desktop/final Project/type of ecrypted/Playfair/Encrypted/Playfair-1028-81%.txt,94,44,41,20,1
/root/Desktop/final Project/type of ecrypted/Playfair/Encrypted/Playfair-991-35%.txt,97,19,12,23,1
/root/Desktop/final Project/type of ecrypted/Playfair/Encrypted/Playfair-933-65%.txt,47,16,9,15,1
/root/Desktop/final Project/type of ecrypted/Playfair/Encrypted/Playfair-1123-82%.txt,33,18,13,7,1
/root/Desktop/final Project/type of ecrypted/Playfair/Encrypted/Playfair-922-72%.txt,218,90,62,53,1
/root/Desktop/final Project/type of ecrypted/Playfair/Encrypted/Playfair-1030-64%.txt,126,42,24,40,1
/root/Desktop/final Project/type of ecrypted/Playfair/Encrypted/Playfair-932-82%.txt,137,69,58,27,1
/root/Desktop/final Project/type of ecrypted/Playfair/Encrypted/Playfair-1019-96%.txt,70,57,55,4,1
/root/Desktop/final Project/type of ecrypted/Playfair/Encrypted/Playfair-1001-37%.txt,117,30,12,37,1
/root/Desktop/final Project/type of ecrypted/Playfair/Encrypted/Playfair-916-64%.txt,225,77,47,68,1
/root/Desktop/final Project/type of ecrypted/Playfair/Encrypted/Playfair-956-35%.txt,200,46,28,56,1
/root/Desktop/final Project/type of ecrypted/Playfair/Encrypted/Playfair-941-70%.txt,66,27,19,17,1
/root/Desktop/final Project/type of ecrypted/Playfair/Encrypted/Playfair-1047-55%.txt,143,46,30,41,1
/root/Desktop/final Project/type of ecrypted/Playfair/Encrypted/Playfair-1088-58%.txt,75,22,16,16,1
/root/Desktop/final Project/type of ecrypted/Playfair/Encrypted/Playfair-1072-33%.txt,126,29,12,32,1
/root/Desktop/final Project/type of ecrypted/Playfair/Encrypted/Playfair-1104-88%.txt,17,10,9,4,1
/root/Desktop/final Project/type of ecrypted/Playfair/Encrypted/Playfair-927-30%.txt,60,12,10,16,1
/root/Desktop/final Project/type of ecrypted/Playfair/Encrypted/Playfair-998-82%.txt,73,32,28,15,1
/root/Desktop/final Project/type of ecrypted/Playfair/Encrypted/Playfair-1007-76%.txt,82,36,28,18,1
/root/Desktop/final Project/type of ecrypted/Playfair/Encrypted/Playfair-1060-54%.txt,44,13,8,13,1
/root/Desktop/final Project/type of ecrypted/Playfair/Encrypted/Playfair-1016-66%.txt,118,38,30,31,1
/root/Desktop/final Project/type of ecrypted/Playfair/Encrypted/Playfair-970-100%.txt,39,39,39,0,1
/root/Desktop/final Project/type of ecrypted/Playfair/Encrypted/Playfair-1003-59%.txt,92,29,21,23,1
/root/Desktop/final Project/type of ecrypted/Playfair/Encrypted/Playfair-1093-48%.txt,178,45,27,55,1
/root/Desktop/final Project/type of ecrypted/Playfair/Encrypted/Playfair-947-39%.txt,236,60,37,73,1
/root/Desktop/final Project/type of ecrypted/Playfair/Encrypted/Playfair-1127-34%.txt,138,32,14,49,1
/root/Desktop/final Project/type of ecrypted/Playfair/Encrypted/Playfair-942-56%.txt,135,40,24,40,1
/root/Desktop/final Project/type of ecrypted/Playfair/Encrypted/Playfair-911-90%.txt,98,59,52,13,1
/root/Desktop/final Project/type of ecrypted/Playfair/Encrypted/Playfair-980-80%.txt,93,42,33,19,1
/root/Desktop/final Project/type of ecrypted/Playfair/Encrypted/Playfair-1035-73%.txt,64,27,20,18,1
/root/Desktop/final Project/type of ecrypted/Playfair/Encrypted/Playfair-1075-30%.txt,326,78,43,95,1
/root/Desktop/final Project/type of ecrypted/Playfair/Encrypted/Playfair-1068-69%.txt,95,32,21,23,1
/root/Desktop/final Project/type of ecrypted/Playfair/Encrypted/Playfair-1062-39%.txt,259,65,29,77,1
/root/Desktop/final Project/type of ecrypted/Playfair/Encrypted/Playfair-971-92%.txt,19,12,11,3,1
/root/Desktop/final Project/type of ecrypted/Playfair/Encrypted/Playfair-1087-59%.txt,249,80,47,72,1
/root/Desktop/final Project/type of ecrypted/Playfair/Encrypted/Playfair-1126-82%.txt,84,43,40,16,1
/root/Desktop/final Project/type of ecrypted/Playfair/Encrypted/Playfair-1083-53%.txt,201,56,33,60,1
/root/Desktop/final Project/type of ecrypted/Playfair/Encrypted/Playfair-1036-48%.txt,226,67,30,72,1
/root/Desktop/final Project/type of ecrypted/Playfair/Encrypted/Playfair-1084-85%.txt,82,51,47,12,1
/root/Desktop/final Project/type of ecrypted/Playfair/Encrypted/Playfair-948-53%.txt,197,62,36,59,1
/root/Desktop/final Project/type of ecrypted/Playfair/Encrypted/Playfair-1079-68%.txt,152,51,44,46,1
/root/Desktop/final Project/type of ecrypted/Playfair/Encrypted/Playfair-1014-83%.txt,65,35,27,11,1
/root/Desktop/final Project/type of ecrypted/Playfair/Encrypted/Playfair-987-64%.txt,199,68,51,46,1
/root/Desktop/final Project/type of ecrypted/Playfair/Encrypted/Playfair-992-71%.txt,117,50,36,22,1
/root/Desktop/final Project/type of ecrypted/Playfair/Encrypted/Playfair-1049-54%.txt,163,44,22,51,1
/root/Desktop/final Project/type of ecrypted/Playfair/Encrypted/Playfair-1033-79%.txt,32,12,10,8,1
/root/Desktop/final Project/type of ecrypted/Playfair/Encrypted/Playfair-1024-55%.txt,222,71,42,51,1
/root/Desktop/final Project/type of ecrypted/Playfair/Encrypted/Playfair-918-36%.txt,166,37,19,48,1
/root/Desktop/final Project/type of ecrypted/Playfair/Encrypted/Playfair-1101-88%.txt,44,24,20,5,1
/root/Desktop/final Project/type of ecrypted/Playfair/Encrypted/Playfair-1009-81%.txt,88,46,38,18,1
/root/Desktop/final Project/type of ecrypted/Playfair/Encrypted/Playfair-1098-61%.txt,288,92,73,73,1
/root/Desktop/final Project/type of ecrypted/Playfair/Encrypted/Playfair-994-75%.txt,85,36,25,16,1
/root/Desktop/final Project/type of ecrypted/Playfair/Encrypted/Playfair-965-51%.txt,159,47,25,50,1
/root/Desktop/final Project/type of ecrypted/Playfair/Encrypted/Playfair-954-70%.txt,42,14,10,12,1
/root/Desktop/final Project/type of ecrypted/Playfair/Encrypted/Playfair-1056-42%.txt,228,52,25,67,1
/root/Desktop/final Project/type of ecrypted/Playfair/Encrypted/Playfair-910-66%.txt,78,27,20,18,1
/root/Desktop/final Project/type of ecrypted/Playfair/Encrypted/Playfair-1065-39%.txt,341,86,46,107,1
/root/Desktop/final Project/type of ecrypted/Playfair/Encrypted/Playfair-1073-96%.txt,25,20,20,1,1
/root/Desktop/final Project/type of ecrypted/Playfair/Encrypted/Playfair-1100-49%.txt,56,14,10,12,1
/root/Desktop/final Project/type of ecrypted/Playfair/Encrypted/Playfair-1106-37%.txt,274,62,42,80,1
/root/Desktop/final Project/type of ecrypted/Playfair/Encrypted/Playfair-950-74%.txt,83,54,44,11,1
/root/Desktop/final Project/type of ecrypted/Playfair/Encrypted/Playfair-1040-54%.txt,51,20,10,13,1
/root/Desktop/final Project/type of ecrypted/Playfair/Encrypted/Playfair-921-99%.txt,12,12,12,0,1
/root/Desktop/final Project/type of ecrypted/Playfair/Encrypted/Playfair-924-49%.txt,314,90,57,86,1
/root/Desktop/final Project/type of ecrypted/Playfair/Encrypted/Playfair-968-56%.txt,226,77,37,61,1
/root/Desktop/final Project/type of ecrypted/Playfair/Encrypted/Playfair-1096-54%.txt,78,28,12,17,1
/root/Desktop/final Project/type of ecrypted/Playfair/Encrypted/Playfair-1108-74%.txt,22,9,7,7,1
/root/Desktop/final Project/type of ecrypted/Playfair/Encrypted/Playfair-1109-72%.txt,44,15,10,14,1
/root/Desktop/final Project/type of ecrypted/Playfair/Encrypted/Playfair-1114-32%.txt,101,29,9,31,1
/root/Desktop/final Project/type of ecrypted/Playfair/Encrypted/Playfair-1082-86%.txt,43,27,24,6,1
/root/Desktop/final Project/type of ecrypted/Playfair/Encrypted/Playfair-1115-53%.txt,57,27,10,14,1
/root/Desktop/final Project/type of ecrypted/Playfair/Encrypted/Playfair-990-33%.txt,275,66,32,83,1
/root/Desktop/final Project/type of ecrypted/Playfair/Encrypted/Playfair-1070-60%.txt,60,21,13,17,1
/root/Desktop/final Project/type of ecrypted/Playfair/Encrypted/Playfair-1116-54%.txt,157,48,26,43,1
/root/Desktop/final Project/type of ecrypted/Playfair/Encrypted/Playfair-904-81%.txt,147,71,57,32,1
/root/Desktop/final Project/type of ecrypted/Playfair/Encrypted/Playfair-946-41%.txt,97,27,11,32,1
/root/Desktop/final Project/type of ecrypted/Playfair/Encrypted/Playfair-1076-41%.txt,204,53,30,68,1
/root/Desktop/final Project/type of ecrypted/Playfair/Encrypted/Playfair-986-46%.txt,154,41,27,50,1
/root/Desktop/final Project/type of ecrypted/Playfair/Encrypted/Playfair-1111-54%.txt,116,32,19,33,1
/root/Desktop/final Project/type of ecrypted/Playfair/Encrypted/Playfair-1020-75%.txt,119,54,39,25,1
/root/Desktop/final Project/type of ecrypted/Playfair/Encrypted/Playfair-1071-45%.txt,170,44,20,49,1
/root/Desktop/final Project/type of ecrypted/Playfair/Encrypted/Playfair-1078-90%.txt,56,36,37,7,1
/root/Desktop/final Project/type of ecrypted/Playfair/Encrypted/Playfair-960-64%.txt,126,43,30,38,1
/root/Desktop/final Project/type of ecrypted/Playfair/Encrypted/Playfair-1027-54%.txt,97,28,17,23,1
/root/Desktop/final Project/type of ecrypted/Playfair/Encrypted/Playfair-957-79%.txt,62,24,19,16,1
/root/Desktop/final Project/type of ecrypted/Playfair/Encrypted/Playfair-967-89%.txt,63,34,31,11,1
/root/Desktop/final Project/type of ecrypted/Playfair/Encrypted/Playfair-978-93%.txt,13,13,13,0,1
/root/Desktop/final Project/type of ecrypted/Playfair/Encrypted/Playfair-1010-61%.txt,77,30,22,22,1
/root/Desktop/final Project/type of ecrypted/Playfair/Encrypted/Playfair-1011-41%.txt,66,16,8,17,1
/root/Desktop/final Project/type of ecrypted/Playfair/Encrypted/Playfair-961-41%.txt,215,59,29,69,1
/root/Desktop/final Project/type of ecrypted/Playfair/Encrypted/Playfair-934-94%.txt,67,45,43,8,1
/root/Desktop/final Project/type of ecrypted/Playfair/Encrypted/Playfair-914-43%.txt,130,34,18,36,1
/root/Desktop/final Project/type of ecrypted/Playfair/Encrypted/Playfair-1063-90%.txt,16,12,9,1,1
/root/Desktop/final Project/type of ecrypted/Playfair/Encrypted/Playfair-1000-55%.txt,245,72,42,68,1
/root/Desktop/final Project/type of ecrypted/Playfair/Encrypted/Playfair-937-49%.txt,170,40,24,51,1
/root/Desktop/final Project/type of ecrypted/Playfair/Encrypted/Playfair-1041-93%.txt,77,55,49,7,1
/root/Desktop/final Project/type of ecrypted/Playfair/Encrypted/Playfair-976-44%.txt,186,45,26,58,1
/root/Desktop/final Project/type of ecrypted/Playfair/Encrypted/Playfair-1042-66%.txt,120,41,32,29,1
/root/Desktop/final Project/type of ecrypted/Playfair/Encrypted/Playfair-1023-38%.txt,187,55,31,49,1
/root/Desktop/final Project/type of ecrypted/Playfair/Encrypted/Playfair-940-84%.txt,48,24,21,11,1
/root/Desktop/final Project/type of ecrypted/Playfair/Encrypted/Playfair-931-43%.txt,325,74,36,103,1
/root/Desktop/final Project/type of ecrypted/Playfair/Encrypted/Playfair-1037-60%.txt,151,47,38,41,1
/root/Desktop/final Project/type of ecrypted/Playfair/Encrypted/Playfair-1002-62%.txt,145,45,32,44,1
/root/Desktop/final Project/type of ecrypted/Playfair/Encrypted/Playfair-1113-89%.txt,57,35,31,6,1
/root/Desktop/final Project/type of ecrypted/Playfair/Encrypted/Playfair-1018-78%.txt,118,53,39,26,1
/root/Desktop/final Project/type of ecrypted/Playfair/Encrypted/Playfair-1055-30%.txt,313,64,29,90,1
/root/Desktop/final Project/type of ecrypted/Playfair/Encrypted/Playfair-1066-99%.txt,41,41,41,0,1
/root/Desktop/final Project/type of ecrypted/Playfair/Encrypted/Playfair-1031-48%.txt,65,15,11,20,1
/root/Desktop/final Project/type of ecrypted/Playfair/Encrypted/Playfair-1107-98%.txt,55,49,49,3,1
/root/Desktop/final Project/type of ecrypted/Playfair/Encrypted/Playfair-1013-41%.txt,68,19,5,22,1
/root/Desktop/final Project/type of ecrypted/Playfair/Encrypted/Playfair-909-59%.txt,80,34,16,18,1
/root/Desktop/final Project/type of ecrypted/Playfair/Encrypted/Playfair-988-44%.txt,90,24,10,31,1
/root/Desktop/final Project/type of ecrypted/Playfair/Encrypted/Playfair-1038-77%.txt,125,56,41,29,1
